KeyTitle,Title,OriginalTitle,IsAdult,RuntimeMinutes,Type,StartYear,EndYear,KeyArtist
tt0099142,Blackjack,Blackjack,0.0,111.0,movie,1990.0,,37
tt0101414,Beauty And The Beast,Beauty And The Beast,0.0,84.0,movie,1991.0,,61
tt0101540,Cape Fear,Cape Fear,0.0,128.0,movie,1991.0,,210
tt0103396,Dateline Nbc,Dateline,0.0,60.0,tvseries,1992.0,,9
tt0103569,The Tonight Show With Jay Leno,The Tonight Show With Jay Leno,0.0,62.0,tvseries,1992.0,2014.0,191
tt0104694,A League Of Their Own,A League Of Their Own,0.0,128.0,movie,1992.0,,145
tt0106179,The X-Files,The X Files,0.0,45.0,tvseries,1993.0,2018.0,186
tt0106709,Desperate Remedies,Desperate Remedies,0.0,93.0,movie,1992.0,,183
tt0107242,Jack Be Nimble,Jack Be Nimble,0.0,92.0,movie,1993.0,,183
tt0107823,Piccolo Grande Amore,Piccolo Grande Amore,0.0,105.0,movie,1993.0,,97
tt0110598,Muriel'S Wedding,Muriel'S Wedding,0.0,106.0,movie,1994.0,,5
tt0115447,Il Tocco - La Sfida,Il Tocco - La Sfida,0.0,107.0,movie,1997.0,,158
tt0116250,Evita,Evita,0.0,135.0,movie,1996.0,,145
tt0116908,The Long Kiss Goodnight,The Long Kiss Goodnight,0.0,121.0,movie,1996.0,,185
tt0117218,The Nutty Professor,The Nutty Professor,0.0,95.0,movie,1996.0,,28
tt0118998,Doctor Dolittle,Doctor Dolittle,0.0,85.0,movie,1998.0,,218
tt0119141,Fools Rush In,Fools Rush In,0.0,109.0,movie,1997.0,,82
tt0120053,The Saint,The Saint,0.0,116.0,movie,1997.0,,209
tt0120148,Sliding Doors,Sliding Doors,0.0,99.0,movie,1998.0,,16
tt0120185,Spice World,Spice World,0.0,93.0,movie,1997.0,,199
tt0120338,Titanic,Titanic,0.0,194.0,movie,1997.0,,61
tt0120770,A Night At The Roxbury,A Night At The Roxbury,0.0,82.0,movie,1998.0,,97
tt0120780,Out Of Sight,Out Of Sight,0.0,123.0,movie,1998.0,,107
tt0120891,Wild Wild West,Wild Wild West,0.0,106.0,movie,1999.0,,82
tt0122718,Small Soldiers,Small Soldiers,0.0,110.0,movie,1998.0,,199
tt0131857,Baseketball,Baseketball,0.0,103.0,movie,1998.0,,16
tt0135790,Bang Boom Bang - Ein Todsicheres Ding,Bang Boom Bang - Ein Todsicheres Ding,0.0,110.0,movie,1999.0,,161
tt0145660,Austin Powers: The Spy Who Shagged Me,Austin Powers: The Spy Who Shagged Me,0.0,95.0,movie,1999.0,,95
tt0145681,The Bone Collector,The Bone Collector,0.0,118.0,movie,1999.0,,120
tt0146316,Lara Croft: Tomb Raider,Lara Croft: Tomb Raider,0.0,100.0,movie,2001.0,,218
tt0156841,The Next Best Thing,The Next Best Thing,0.0,108.0,movie,2000.0,,145
tt0165929,Romeo Must Die,Romeo Must Die,0.0,115.0,movie,2000.0,,218
tt0175142,Scary Movie,Scary Movie,0.0,88.0,movie,2000.0,,29
tt0182789,Bicentennial Man,Bicentennial Man,0.0,132.0,movie,1999.0,,61
tt0187738,Blade Ii,Blade Ii,0.0,117.0,movie,2002.0,,94
tt0203009,Moulin Rouge!,Moulin Rouge!,0.0,127.0,movie,2001.0,,171
tt0203259,Law & Order: Special Victims Unit,Law & Order: Special Victims Unit,0.0,60.0,tvseries,1999.0,,70
tt0209933,Beau Travail,Beau Travail,0.0,92.0,movie,1999.0,,60
tt0217229,Louis Theroux'S Weird Weekends,Louis Theroux'S Weird Weekends,0.0,60.0,tvseries,1998.0,2000.0,140
tt0232500,The Fast And The Furious,The Fast And The Furious,0.0,106.0,movie,2001.0,,185
tt0247082,Csi: Crime Scene Investigation,Csi: Crime Scene Investigation,0.0,60.0,tvseries,2000.0,2015.0,113
tt0252076,Maid In Manhattan,Maid In Manhattan,0.0,105.0,movie,2002.0,,107
tt0255798,The Animal,The Animal,0.0,84.0,movie,2001.0,,223
tt0259711,Vanilla Sky,Vanilla Sky,0.0,136.0,movie,2001.0,,209
tt0262396,Empire,Empire,0.0,90.0,movie,2002.0,,141
tt0275022,Crossroads,Crossroads,0.0,93.0,movie,2002.0,,40
tt0278238,Samurai Jack,Samurai Jack,0.0,23.0,tvseries,2001.0,2017.0,233
tt0278504,Insomnia,Insomnia,0.0,118.0,movie,2002.0,,58
tt0281364,Wasabi,Wasabi,0.0,94.0,movie,2001.0,,94
tt0285823,Once Upon A Time In Mexico,Once Upon A Time In Mexico,0.0,102.0,movie,2003.0,,82
tt0287978,Daredevil,Daredevil,0.0,103.0,movie,2003.0,,83
tt0288937,Degrassi: The Next Generation,Degrassi: The Next Generation,0.0,30.0,tvseries,2001.0,2015.0,73
tt0289879,The Butterfly Effect,The Butterfly Effect,0.0,113.0,movie,2004.0,,209
tt0290935,Y.M.I.,Y.M.I.,0.0,80.0,movie,2004.0,,158
tt0294870,Rent,Rent,0.0,135.0,movie,2005.0,,101
tt0295178,Austin Powers In Goldmember,Austin Powers In Goldmember,0.0,94.0,movie,2002.0,,40
tt0297284,Mindhunters,Mindhunters,0.0,106.0,movie,2004.0,,152
tt0298050,Manito,Manito,0.0,78.0,movie,2002.0,,149
tt0298203,8 Mile,8 Mile,0.0,110.0,movie,2002.0,,80
tt0298412,Days Like This,Leva Livet,0.0,95.0,movie,2001.0,,37
tt0300140,Lilya 4-Ever,Lilja 4-Ever,0.0,109.0,movie,2002.0,,203
tt0305056,Last Call With Carson Daly,Last Call With Carson Daly,0.0,30.0,tvseries,2002.0,2019.0,228
tt0305357,Charlie'S Angels: Full Throttle,Charlie'S Angels: Full Throttle,0.0,106.0,movie,2003.0,,171
tt0305711,Just Married,Just Married,0.0,95.0,movie,2003.0,,97
tt0306368,Operación Triunfo,Operación Triunfo,0.0,,tvseries,2001.0,,158
tt0306685,Cradle 2 The Grave,Cradle 2 The Grave,0.0,101.0,movie,2003.0,,80
tt0312098,Birds Of Prey,Birds Of Prey,0.0,,tvseries,2002.0,2003.0,203
tt0314331,Love Actually,Love Actually,0.0,135.0,movie,2003.0,,152
tt0315327,Bruce Almighty,Bruce Almighty,0.0,101.0,movie,2003.0,,25
tt0316654,Spider-Man 2,Spider-Man 2,0.0,127.0,movie,2004.0,,223
tt0319931,American Idol,American Idol: The Search For A Superstar,0.0,42.0,tvseries,2002.0,,122
tt0320037,Jimmy Kimmel Live!,Jimmy Kimmel Live!,0.0,60.0,tvseries,2003.0,,150
tt0324554,Wicker Park,Wicker Park,0.0,114.0,movie,2004.0,,58
tt0327084,Over The Hedge,Over The Hedge,0.0,83.0,movie,2006.0,,25
tt0338639,Un Paso Adelante,Un Paso Adelante,0.0,50.0,tvseries,2002.0,2005.0,141
tt0339034,From Justin To Kelly,From Justin To Kelly,0.0,81.0,movie,2003.0,,122
tt0367479,After The Sunset,After The Sunset,0.0,97.0,movie,2004.0,,189
tt0372532,The Wedding Date,The Wedding Date,0.0,90.0,movie,2005.0,,152
tt0373474,1-800-Missing,1-800-Missing,0.0,60.0,tvseries,2003.0,2006.0,126
tt0379623,The Ellen Degeneres Show,Ellen: The Ellen Degeneres Show,0.0,60.0,tvseries,2003.0,2023.0,15
tt0382400,Australian Idol,Australian Idol,0.0,,tvseries,2003.0,2025.0,108
tt0385752,The Golden Compass,The Golden Compass,0.0,113.0,movie,2007.0,,120
tt0397892,Bolt,Bolt,0.0,96.0,movie,2008.0,,159
tt0402649,Heikoin Lenkki,Heikoin Lenkki,0.0,45.0,tvseries,2002.0,2017.0,22
tt0405336,Southland Tales,Southland Tales,0.0,145.0,movie,2006.0,,162
tt0411061,88 Minutes,88 Minutes,0.0,108.0,movie,2007.0,,28
tt0413573,Grey'S Anatomy,Grey'S Anatomy,0.0,45.0,tvseries,2005.0,,67
tt0416212,The Secret Life Of Bees,The Secret Life Of Bees,0.0,114.0,movie,2008.0,,13
tt0417148,Snakes On A Plane,Snakes On A Plane,0.0,105.0,movie,2006.0,,96
tt0421156,"Veritas, Prince Of Truth","Veritas, Prince Of Truth",0.0,93.0,movie,2006.0,,66
tt0426883,Alpha Dog,Alpha Dog,0.0,122.0,movie,2006.0,,206
tt0427327,Hairspray,Hairspray,0.0,117.0,movie,2007.0,,232
tt0429438,Strange Love,Strange Love,0.0,60.0,tvseries,2005.0,,38
tt0429591,Aquamarine,Aquamarine,0.0,110.0,movie,2006.0,,110
tt0432082,Soundz Of Spirit,Soundz Of Spirit,0.0,60.0,movie,2003.0,,155
tt0433035,Real Steel,Real Steel,0.0,127.0,movie,2011.0,,218
tt0435651,The Giver,The Giver,0.0,97.0,movie,2014.0,,170
tt0437086,Alita: Battle Angel,Alita: Battle Angel,0.0,122.0,movie,2019.0,,74
tt0437741,Project Runway,Project Runway,0.0,60.0,tvseries,2004.0,,38
tt0443489,Dreamgirls,Dreamgirls,0.0,130.0,movie,2006.0,,34
tt0443706,Zodiac,Zodiac,0.0,157.0,movie,2007.0,,185
tt0446046,Take The Lead,Take The Lead,0.0,118.0,movie,2006.0,,189
tt0448115,Shazam!,Shazam!,0.0,132.0,movie,2019.0,,41
tt0450950,The X Factor,The X Factor,0.0,60.0,tvseries,2005.0,2016.0,104
tt0455944,The Equalizer,The Equalizer,0.0,132.0,movie,2014.0,,212
tt0460649,How I Met Your Mother,How I Met Your Mother,0.0,23.0,tvseries,2005.0,2014.0,40
tt0460681,Supernatural,Supernatural,0.0,44.0,tvseries,2005.0,2020.0,164
tt0460792,Fast Food Nation,Fast Food Nation,0.0,116.0,movie,2006.0,,25
tt0461770,Enchanted,Enchanted,0.0,107.0,movie,2007.0,,101
tt0462590,Step Up,Step Up,0.0,104.0,movie,2006.0,,189
tt0463398,Dancing With The Stars,Dancing With The Stars,0.0,60.0,tvseries,2005.0,,191
tt0463985,The Fast And The Furious: Tokyo Drift,The Fast And The Furious: Tokyo Drift,0.0,104.0,movie,2006.0,,71
tt0463998,Freedom Writers,Freedom Writers,0.0,123.0,movie,2007.0,,149
tt0465234,National Treasure: Book Of Secrets,National Treasure: Book Of Secrets,0.0,124.0,movie,2007.0,,9
tt0465602,Shoot 'Em Up,Shoot 'Em Up,0.0,86.0,movie,2007.0,,95
tt0472023,So You Think You Can Dance,So You Think You Can Dance,0.0,60.0,tvseries,2005.0,,47
tt0472181,The Smurfs,The Smurfs,0.0,103.0,movie,2011.0,,121
tt0475394,Smokin' Aces,Smokin' Aces,0.0,108.0,movie,2006.0,,13
tt0477080,Unstoppable,Unstoppable,0.0,98.0,movie,2010.0,,9
tt0480687,Hall Pass,Hall Pass,0.0,105.0,movie,2011.0,,81
tt0481536,Harold & Kumar Escape From Guantanamo Bay,Harold & Kumar Escape From Guantanamo Bay,0.0,114.0,movie,2008.0,,116
tt0482346,Entertainment Tonight Canada,Entertainment Tonight Canada,0.0,30.0,tvseries,2005.0,2023.0,182
tt0484740,Love In The Time Of Cholera,Love In The Time Of Cholera,0.0,139.0,movie,2007.0,,192
tt0485920,Vengeance,Jack'S Law,0.0,90.0,movie,2006.0,,206
tt0485985,Red Tails,Red Tails,0.0,125.0,movie,2012.0,,163
tt0486535,Morgenmagazin,Morgenmagazin,0.0,210.0,tvseries,1992.0,,150
tt0487189,Waterloo Road,Waterloo Road,0.0,53.0,tvseries,2006.0,,19
tt0489237,The Nanny Diaries,The Nanny Diaries,0.0,105.0,movie,2007.0,,13
tt0493093,Hannah Montana,Hannah Montana,0.0,23.0,tvseries,2006.0,2011.0,159
tt0499383,Dancing On Ice,Dancing On Ice,0.0,60.0,tvseries,2006.0,,47
tt0499549,Avatar,Avatar,0.0,162.0,movie,2009.0,,131
tt0780521,The Princess And The Frog,The Princess And The Frog,0.0,97.0,movie,2009.0,,163
tt0795461,Scary Movie V,Scary Movie 5,0.0,86.0,movie,2013.0,,144
tt0808054,The Good Night Show,The Good Night Show,0.0,,tvseries,2005.0,2017.0,157
tt0816711,World War Z,World War Z,0.0,116.0,movie,2013.0,,162
tt0826215,Morning Express With Robin Meade,Robin & Company,0.0,240.0,tvseries,2005.0,2022.0,42
tt0837562,Hotel Transylvania,Hotel Transylvania,0.0,91.0,movie,2012.0,,190
tt0844708,The Last House On The Left,The Last House On The Left,0.0,113.0,movie,2009.0,,96
tt0857265,Sleuth,Sleuth,0.0,88.0,movie,2007.0,,183
tt0876563,Ponyo,Gake No Ue No Ponyo,0.0,101.0,movie,2008.0,,166
tt0892782,Monsters Vs. Aliens,Monsters Vs Aliens,0.0,94.0,movie,2009.0,,16
tt0942385,Tropic Thunder,Tropic Thunder,0.0,107.0,movie,2008.0,,85
tt0945531,De Wereld Draait Door,De Wereld Draait Door,0.0,50.0,tvseries,2005.0,2020.0,49
tt0948470,The Amazing Spider-Man,The Amazing Spider-Man,0.0,136.0,movie,2012.0,,58
tt0962726,High School Musical 3: Senior Year,High School Musical 3: Senior Year,0.0,112.0,movie,2008.0,,232
tt0974661,17 Again,17 Again,0.0,102.0,movie,2009.0,,232
tt0981227,Nick And Norah'S Infinite Playlist,Nick And Norah'S Infinite Playlist,0.0,90.0,movie,2008.0,,199
tt0988045,Sherlock Holmes,Sherlock Holmes,0.0,128.0,movie,2009.0,,183
tt0988595,27 Dresses,27 Dresses,0.0,111.0,movie,2008.0,,192
tt0993842,Hanna,Hanna,0.0,111.0,movie,2011.0,,209
tt1001508,He'S Just Not That Into You,He'S Just Not That Into You,0.0,129.0,movie,2009.0,,152
tt10039344,Countdown,Countdown,0.0,90.0,movie,2019.0,,133
tt10060094,The Knight Before Christmas,The Knight Before Christmas,0.0,92.0,movie,2019.0,,137
tt1013752,Fast & Furious,Fast & Furious,0.0,107.0,movie,2009.0,,71
tt10147546,Homecoming: A Film By Beyoncé,Homecoming: A Film By Beyoncé,0.0,137.0,movie,2019.0,,172
tt1014759,Alice In Wonderland,Alice In Wonderland,0.0,108.0,movie,2010.0,,25
tt10155932,Cinderella,Cinderella,0.0,112.0,movie,2021.0,,44
tt1022603,500 Days Of Summer,(500) Days Of Summer,0.0,95.0,movie,2009.0,,215
tt1023111,Never Back Down,Never Back Down,0.0,113.0,movie,2008.0,,96
tt10263466,Eurovision Song Contest Tel Aviv 2019,Eurovision Song Contest Tel Aviv 2019,0.0,251.0,tvseries,2019.0,2019.0,75
tt10276470,Work It,Work It,0.0,93.0,movie,2020.0,,233
tt10304142,Amsterdam,Amsterdam,0.0,134.0,movie,2022.0,,73
tt1032755,Rocknrolla,Rocknrolla,0.0,114.0,movie,2008.0,,183
tt1032815,"I Love You, Beth Cooper","I Love You, Beth Cooper",0.0,102.0,movie,2009.0,,96
tt10329566,Ricos De Amor,Ricos De Amor,0.0,104.0,movie,2020.0,,216
tt10362466,After We Collided,After We Collided,0.0,105.0,movie,2020.0,,138
tt1038919,The Bounty Hunter,The Bounty Hunter,0.0,110.0,movie,2010.0,,124
tt10417836,Work In Progress,Work In Progress,0.0,30.0,tvseries,2019.0,2021.0,155
tt1044418,Jonas,Jonas,0.0,25.0,tvseries,2009.0,2010.0,110
tt1051906,The Invisible Man,The Invisible Man,0.0,124.0,movie,2020.0,,183
tt10521814,K-12,K-12,0.0,96.0,movie,2019.0,,157
tt10559412,A Brother'S Honor,A Brother'S Honor,0.0,86.0,movie,2019.0,,107
tt1060277,Cloverfield,Cloverfield,0.0,85.0,movie,2008.0,,188
tt10638522,Talk To Me,Talk To Me,0.0,95.0,movie,2022.0,,211
tt10648342,Thor: Love And Thunder,Thor: Love And Thunder,0.0,118.0,movie,2022.0,,5
tt1065073,Boyhood,Boyhood,0.0,165.0,movie,2014.0,,86
tt10676012,To All The Boys: Always And Forever,To All The Boys: Always And Forever,0.0,116.0,movie,2021.0,,130
tt1067774,Monte Carlo,Monte Carlo,0.0,109.0,movie,2011.0,,190
tt10696784,The Harder They Fall,The Harder They Fall,0.0,139.0,movie,2021.0,,125
tt10731256,Don'T Worry Darling,Don'T Worry Darling,0.0,123.0,movie,2022.0,,99
tt10740926,Rob Peace,Rob Peace,0.0,120.0,movie,2024.0,,44
tt1074638,Skyfall,Skyfall,0.0,143.0,movie,2012.0,,6
tt1078912,Night At The Museum: Battle Of The Smithsonian,Night At The Museum: Battle Of The Smithsonian,0.0,105.0,movie,2009.0,,110
tt1078940,Couples Retreat,Couples Retreat,0.0,113.0,movie,2009.0,,188
tt10839646,A Life Worth Living,Bom Sucesso,0.0,41.0,tvseries,2019.0,2020.0,66
tt1085779,The Hole,The Hole,0.0,92.0,movie,2009.0,,52
tt1086772,Blended,Blended,0.0,117.0,movie,2014.0,,84
tt10901068,Joseph,Joseph,0.0,116.0,movie,2020.0,,194
tt1093908,Confessions Of A Shopaholic,Confessions Of A Shopaholic,0.0,104.0,movie,2009.0,,194
tt10960302,Klassen,Klassen,0.0,,tvseries,2019.0,,148
tt10969656,Dirty Sexy Saint,Dirty Sexy Saint,0.0,104.0,movie,2019.0,,107
tt10982034,Trying,Trying,0.0,30.0,tvseries,2020.0,2024.0,100
tt11050878,Hi-Fear,Hi-Fear,0.0,112.0,movie,2022.0,,196
tt11057302,Madame Web,Madame Web,0.0,116.0,movie,2024.0,,40
tt11083552,Wrath Of Man,Wrath Of Man,0.0,119.0,movie,2021.0,,176
tt11125620,The Addams Family 2,The Addams Family 2,0.0,93.0,movie,2021.0,,220
tt1112782,The Code,Thick As Thieves,0.0,104.0,movie,2009.0,,203
tt1114677,Hannah Montana: The Movie,Hannah Montana: The Movie,0.0,102.0,movie,2009.0,,159
tt1119646,The Hangover,The Hangover,0.0,100.0,movie,2009.0,,210
tt11212198,Rap Sh!T,Rap Sh!T,0.0,30.0,tvseries,2022.0,2023.0,3
tt11214590,House Of Gucci,House Of Gucci,0.0,158.0,movie,2021.0,,128
tt1126590,Big Eyes,Big Eyes,0.0,106.0,movie,2014.0,,129
tt1126591,Burlesque,Burlesque,0.0,119.0,movie,2010.0,,53
tt11286314,Don'T Look Up,Don'T Look Up,0.0,138.0,movie,2021.0,,20
tt11315808,Joker: Folie À Deux,Joker: Folie À Deux,0.0,138.0,movie,2024.0,,128
tt1131724,2:22,2:22,0.0,98.0,movie,2017.0,,78
tt1145144,Center Stage: Turn It Up,Center Stage: Turn It Up,0.0,95.0,movie,2008.0,,155
tt11454722,Generation,Genera+Ion,0.0,30.0,tvseries,2021.0,2021.0,230
tt11478344,Family Feud Canada,Family Feud Canada,0.0,,tvseries,2019.0,,207
tt1148165,Bran Nue Dae,Bran Nue Dae,0.0,85.0,movie,2009.0,,108
tt1155056,"I Love You, Man","I Love You, Man",0.0,105.0,movie,2009.0,,6
tt1155076,The Karate Kid,The Karate Kid,0.0,140.0,movie,2010.0,,8
tt11685264,The Bachelor Presents: Listen To Your Heart,The Bachelor Presents: Listen To Your Heart,0.0,120.0,tvseries,2020.0,2020.0,63
tt1170358,The Hobbit: The Desolation Of Smaug,The Hobbit: The Desolation Of Smaug,0.0,161.0,movie,2013.0,,76
tt11773084,No Strings The Movie,No Strings The Movie,0.0,81.0,movie,2021.0,,18
tt11847410,The Fallout,The Fallout,0.0,96.0,movie,2021.0,,27
tt11921266,Pop5,Pop5,0.0,6.0,tvseries,2020.0,,12
tt1198138,Obsessed,Obsessed,0.0,108.0,movie,2009.0,,34
tt1201167,Funny People,Funny People,0.0,146.0,movie,2009.0,,80
tt1204975,Last Vegas,Last Vegas,0.0,105.0,movie,2013.0,,30
tt1217613,Battle Los Angeles,Battle: Los Angeles,0.0,116.0,movie,2011.0,,163
tt1219024,Castle,Castle,0.0,43.0,tvseries,2009.0,2016.0,46
tt1228953,Big Fan,Big Fan,0.0,88.0,movie,2009.0,,206
tt1229340,Anchorman 2: The Legend Continues,Anchorman 2: The Legend Continues,0.0,119.0,movie,2013.0,,73
tt1229822,Jane Eyre,Jane Eyre,0.0,120.0,movie,2011.0,,183
tt1229827,Jonas Brothers: The 3D Concert Experience,Jonas Brothers: The 3D Concert Experience,0.0,76.0,movie,2009.0,,110
tt1231587,Hot Tub Time Machine,Hot Tub Time Machine,0.0,99.0,movie,2010.0,,82
tt1232829,21 Jump Street,21 Jump Street,0.0,109.0,movie,2012.0,,86
tt1236246,Runaways,Runaways,0.0,60.0,tvseries,2017.0,2019.0,92
tt12412888,Sonic The Hedgehog 2,Sonic The Hedgehog 2,0.0,122.0,movie,2022.0,,133
tt1245492,This Is The End,This Is The End,0.0,107.0,movie,2013.0,,180
tt1252374,Sonny With A Chance,Sonny With A Chance,0.0,23.0,tvseries,2009.0,2011.0,67
tt12584954,Twisters,Twisters,0.0,122.0,movie,2024.0,,33
tt1261945,Sex And The City 2,Sex And The City 2,0.0,146.0,movie,2010.0,,131
tt1262426,Wicked,Wicked: Part I,0.0,160.0,movie,2024.0,,20
tt12649014,Terminator 5: Smert Gollivuda,Terminator 5: Smert Gollivuda,0.0,102.0,movie,2004.0,,83
tt1265990,The Roommate,The Roommate,0.0,91.0,movie,2011.0,,116
tt1267314,So You Think You Can Dance Canada,So You Think You Can Dance Canada,0.0,60.0,tvseries,2008.0,,194
tt12800524,Encounter,Encounter,0.0,108.0,movie,2021.0,,153
tt1281970,Aisling'S Diary,Aisling'S Diary,0.0,3.0,tvseries,2008.0,,157
tt1282140,Easy A,Easy A,0.0,92.0,movie,2010.0,,170
tt12823454,Your Place Or Mine,Your Place Or Mine,0.0,109.0,movie,2023.0,,8
tt1285016,The Social Network,The Social Network,0.0,120.0,movie,2010.0,,114
tt1289401,Ghostbusters,Ghostbusters,0.0,117.0,movie,2016.0,,2
tt1291150,Teenage Mutant Ninja Turtles,Teenage Mutant Ninja Turtles,0.0,101.0,movie,2014.0,,229
tt1292566,How To Be Single,How To Be Single,0.0,110.0,movie,2016.0,,24
tt1292967,Paris Hilton'S My New Bff,Paris Hilton'S My New Bff,0.0,,tvseries,2008.0,2009.0,38
tt1293847,Xxx: Return Of Xander Cage,Xxx: Return Of Xander Cage,0.0,107.0,movie,2017.0,,176
tt1294226,The Last Song,The Last Song,0.0,107.0,movie,2010.0,,159
tt12964320,Role Play,Role Play,0.0,100.0,movie,2024.0,,198
tt12989910,Per Tutta La Vita,Per Tutta La Vita,0.0,101.0,movie,2021.0,,173
tt13075042,Pretty Little Liars: Original Sin,Pretty Little Liars: Original Sin,0.0,,tvseries,2022.0,2024.0,23
tt1308728,The Happytime Murders,The Happytime Murders,0.0,91.0,movie,2018.0,,46
tt13139228,My Policeman,My Policeman,0.0,113.0,movie,2022.0,,99
tt1324999,The Twilight Saga: Breaking Dawn - Part 1,The Twilight Saga: Breaking Dawn - Part 1,0.0,117.0,movie,2011.0,,41
tt1325004,The Twilight Saga: Eclipse,The Twilight Saga: Eclipse,0.0,124.0,movie,2010.0,,162
tt1327801,Glee,Glee,0.0,44.0,tvseries,2009.0,2015.0,52
tt13327038,Do Revenge,Do Revenge,0.0,118.0,movie,2022.0,,168
tt1336617,Cyrus,Cyrus,0.0,91.0,movie,2010.0,,81
tt1340138,Terminator Genisys,Terminator Genisys,0.0,126.0,movie,2015.0,,170
tt1341340,A Warrior'S Heart,A Warrior'S Heart,0.0,86.0,movie,2011.0,,52
tt1343092,The Great Gatsby,The Great Gatsby,0.0,143.0,movie,2013.0,,129
tt1353056,Rupaul'S Drag Race,Rupaul'S Drag Race,0.0,63.0,tvseries,2009.0,,51
tt1355644,Passengers,Passengers,0.0,116.0,movie,2016.0,,102
tt13560574,X,X,0.0,105.0,movie,2022.0,,125
tt13610562,The Bubble,The Bubble,0.0,126.0,movie,2022.0,,70
tt13722764,Downfalls High,Downfalls High,0.0,46.0,movie,2021.0,,36
tt13814548,Miscellaneous Myths,Miscellaneous Myths,0.0,,tvseries,2016.0,,38
tt1386697,Suicide Squad,Suicide Squad,0.0,123.0,movie,2016.0,,229
tt1392170,The Hunger Games,The Hunger Games,0.0,142.0,movie,2012.0,,205
tt1402488,Happy Feet Two,Happy Feet Two,0.0,100.0,movie,2011.0,,171
tt1403047,Aurora,Aurora,0.0,181.0,movie,2010.0,,90
tt14071882,Dog Years,Anni Da Cane,0.0,97.0,movie,2021.0,,132
tt1411238,No Strings Attached,No Strings Attached,0.0,108.0,movie,2011.0,,131
tt1413495,Paranoia,Paranoia,0.0,106.0,movie,2013.0,,81
tt14218674,Ncis: Hawai'I,Ncis: Hawai'I,0.0,43.0,tvseries,2021.0,2024.0,213
tt14260718,Under Low Light,Zire Noore Kam,0.0,77.0,movie,2021.0,,17
tt14309446,Me Time,Me Time,0.0,101.0,movie,2022.0,,21
tt1431045,Deadpool,Deadpool,0.0,108.0,movie,2016.0,,85
tt1440129,Battleship,Battleship,0.0,131.0,movie,2012.0,,180
tt1453405,Monsters University,Monsters University,0.0,104.0,movie,2013.0,,201
tt1456941,"Tomorrow, When The War Began","Tomorrow, When The War Began",0.0,104.0,movie,2010.0,,215
tt1458169,Kidnap,Kidnap,0.0,95.0,movie,2017.0,,185
tt1464540,I Am Number Four,I Am Number Four,0.0,111.0,movie,2011.0,,6
tt14668630,"Lyle, Lyle, Crocodile","Lyle, Lyle, Crocodile",0.0,106.0,movie,2022.0,,193
tt1469304,Baywatch,Baywatch,0.0,116.0,movie,2017.0,,158
tt14715170,Falling For Christmas,Falling For Christmas,0.0,93.0,movie,2022.0,,52
tt1473832,Bridget Jones'S Baby,Bridget Jones'S Baby,0.0,123.0,movie,2016.0,,76
tt1477834,Aquaman,Aquaman,0.0,143.0,movie,2018.0,,68
tt14778372,Mother Mother,Mother Mother,0.0,107.0,movie,2024.0,,116
tt1480165,The Project,The 7Pm Project,0.0,60.0,tvseries,2009.0,,33
tt1480656,Cosmopolis,Cosmopolis,0.0,109.0,movie,2012.0,,116
tt1482459,The Lorax,The Lorax,0.0,86.0,movie,2012.0,,205
tt14847006,America'S Morning Headquarters,America'S Morning Headquarters,0.0,,tvseries,2021.0,,1
tt14954666,The Idol,The Idol,0.0,276.0,tvseries,2023.0,2023.0,217
tt1496025,Underworld: Awakening,Underworld: Awakening,0.0,88.0,movie,2012.0,,83
tt15009428,Argylle,Argylle,0.0,139.0,movie,2024.0,,74
tt1502397,Bad Boys For Life,Bad Boys For Life,0.0,124.0,movie,2020.0,,42
tt15141288,"If I Can'T Have Love, I Want Power","If I Can'T Have Love, I Want Power",0.0,53.0,movie,2021.0,,98
tt1517260,The Host,The Host,0.0,125.0,movie,2013.0,,102
tt1517268,Barbie,Barbie,0.0,114.0,movie,2023.0,,35
tt1517451,A Star Is Born,A Star Is Born,0.0,136.0,movie,2018.0,,151
tt1524930,Vacation,Vacation,0.0,99.0,movie,2015.0,,219
tt15285682,Star-Crossed: The Film,Star-Crossed: The Film,0.0,48.0,movie,2021.0,,117
tt15326988,Ghosted,Ghosted,0.0,116.0,movie,2023.0,,74
tt15340790,Christmas Flow,Christmas Flow,0.0,50.0,tvseries,2021.0,2021.0,220
tt15495428,The Walk In With Mo Heart,The Walk In With Mo Heart,0.0,,tvseries,2021.0,,27
tt1560594,Sound,Sound,0.0,,tvseries,2007.0,2009.0,194
tt1562871,Ra.One,Ra.One,0.0,156.0,movie,2011.0,,8
tt1563738,One Day,One Day,0.0,107.0,movie,2011.0,,60
tt1567432,Teen Wolf,Teen Wolf,0.0,41.0,tvseries,2011.0,2017.0,174
tt1587310,Maleficent,Maleficent,0.0,97.0,movie,2014.0,,129
tt1588342,Easy Money Ii: Hard To Kill,Snabba Cash Ii,0.0,99.0,movie,2012.0,,201
tt1592873,Lol,Lol,0.0,97.0,movie,2012.0,,86
tt1596343,Fast Five,Fast Five,0.0,130.0,movie,2011.0,,80
tt1599348,Safe House,Safe House,0.0,115.0,movie,2012.0,,87
tt1600195,Abduction,Abduction,0.0,106.0,movie,2011.0,,223
tt1604099,Victorious,Victorious,0.0,30.0,tvseries,2010.0,2013.0,20
tt1608290,Zoolander 2,Zoolander 2,0.0,101.0,movie,2016.0,,113
tt1618434,Murder Mystery,Murder Mystery,0.0,97.0,movie,2019.0,,57
tt1618450,Winx Club 3D: Magical Adventure,Winx Club 3D: Magica Avventura,0.0,87.0,movie,2010.0,,7
tt1620981,The Addams Family,The Addams Family,0.0,86.0,movie,2019.0,,119
tt1621045,Think Like A Man,Think Like A Man,0.0,122.0,movie,2012.0,,158
tt1626146,Hector And The Search For Happiness,Hector And The Search For Happiness,0.0,114.0,movie,2014.0,,94
tt1632708,Friends With Benefits,Friends With Benefits,0.0,109.0,movie,2011.0,,86
tt1637574,Conan,Conan,0.0,42.0,tvseries,2010.0,2021.0,142
tt1637688,In Time,In Time,0.0,109.0,movie,2011.0,,114
tt16433356,Chillin Island,Chillin Island,0.0,25.0,tvseries,2021.0,,136
tt1666801,The Duff,The Duff,0.0,101.0,movie,2015.0,,208
tt1670345,Now You See Me,Now You See Me,0.0,115.0,movie,2013.0,,185
tt1673434,The Twilight Saga: Breaking Dawn - Part 2,The Twilight Saga: Breaking Dawn - Part 2,0.0,115.0,movie,2012.0,,54
tt1673697,The Sapphires,The Sapphires,0.0,103.0,movie,2012.0,,108
tt1679335,Trolls,Trolls,0.0,92.0,movie,2016.0,,114
tt1686821,Vampire Academy,Vampire Academy,0.0,104.0,movie,2014.0,,229
tt1698641,"Alexander And The Terrible, Horrible, No Good, Very Bad Day","Alexander And The Terrible, Horrible, No Good, Very Bad Day",0.0,81.0,movie,2014.0,,216
tt1700258,Kokowääh,Kokowääh,0.0,126.0,movie,2011.0,,214
tt1702443,Justin Bieber: Never Say Never,Justin Bieber: Never Say Never,0.0,105.0,movie,2011.0,,113
tt1706593,Chronicle,Chronicle,0.0,84.0,movie,2012.0,,109
tt1723816,Girls,Girls,0.0,28.0,tvseries,2012.0,2017.0,51
tt1727776,Scouts Guide To The Zombie Apocalypse,Scouts Guide To The Zombie Apocalypse,0.0,93.0,movie,2015.0,,69
tt1755103,Cesko Slovensko Má Talent,Cesko Slovensko Má Talent,0.0,,tvseries,2010.0,,227
tt1798684,Southpaw,Southpaw,0.0,124.0,movie,2015.0,,87
tt1800741,Step Up Revolution,Step Up Revolution,0.0,99.0,movie,2012.0,,113
tt1820166,Ridiculousness,Ridiculousness,0.0,30.0,tvseries,2011.0,,135
tt1822253,Mateo,Mateo,0.0,88.0,movie,2014.0,,183
tt1823664,Annie,Annie,0.0,118.0,movie,2014.0,,195
tt1825683,Black Panther,Black Panther,0.0,134.0,movie,2018.0,,123
tt1837492,13 Reasons Why,13 Reasons Why,0.0,60.0,tvseries,2017.0,2020.0,112
tt1839337,The Voice,The Voice,0.0,60.0,tvseries,2011.0,,53
tt1840309,Divergent,Divergent,0.0,139.0,movie,2014.0,,123
tt18453222,Excellent Entities,Excellent Entities,0.0,,tvseries,2013.0,,2
tt1850457,Sisters,Sisters,0.0,118.0,movie,2015.0,,219
tt1862079,Safety Not Guaranteed,Safety Not Guaranteed,0.0,86.0,movie,2012.0,,19
tt1872181,The Amazing Spider-Man 2,The Amazing Spider-Man 2,0.0,142.0,movie,2014.0,,123
tt1878870,The Edge Of Seventeen,The Edge Of Seventeen,0.0,104.0,movie,2016.0,,174
tt1905041,Fast & Furious 6,Furious 6,0.0,130.0,movie,2013.0,,64
tt1911658,Penguins Of Madagascar,Penguins Of Madagascar,0.0,92.0,movie,2014.0,,50
tt1920871,College Musical,College Musical,0.0,91.0,movie,2014.0,,127
tt1924435,Let'S Be Cops,Let'S Be Cops,0.0,104.0,movie,2014.0,,28
tt1932718,Thanks For Sharing,Thanks For Sharing,0.0,112.0,movie,2012.0,,171
tt1936911,Todd'S Pop Song Reviews,Todd'S Pop Song Reviews,0.0,,tvseries,2009.0,,212
tt1946502,Uglydolls,Uglydolls,0.0,87.0,movie,2019.0,,122
tt1951264,The Hunger Games: Catching Fire,The Hunger Games: Catching Fire,0.0,146.0,movie,2013.0,,58
tt1951265,The Hunger Games: Mockingjay - Part 1,The Hunger Games: Mockingjay - Part 1,0.0,123.0,movie,2014.0,,139
tt1956620,Sex Tape,Sex Tape,0.0,94.0,movie,2014.0,,81
tt1957867,Christmas In Compton,Christmas In Compton,0.0,93.0,movie,2012.0,,143
tt1981677,Pitch Perfect,Pitch Perfect,0.0,112.0,movie,2012.0,,64
tt19863802,Show Us Your Pets,Show Us Your Pets,0.0,,tvseries,2022.0,,10
tt2002718,Machete Kills,Machete Kills,0.0,107.0,movie,2013.0,,128
tt2005151,War Dogs,War Dogs,0.0,114.0,movie,2016.0,,97
tt2017020,The Smurfs 2,The Smurfs 2,0.0,105.0,movie,2013.0,,121
tt2018069,Our House,Our House,0.0,90.0,movie,2018.0,,55
tt20221436,Emilia Pérez,Emilia Pérez,0.0,132.0,movie,2024.0,,190
tt2024432,Identity Thief,Identity Thief,0.0,111.0,movie,2013.0,,51
tt2071590,Spinning Gold,Spinning Gold,0.0,137.0,movie,2023.0,,175
tt2078446,Tu Cara Me Suena,Tu Cara Me Suena,0.0,150.0,tvseries,2011.0,,200
tt2083332,Siren,Siren,0.0,93.0,movie,2013.0,,79
tt2083355,The Best Man Holiday,The Best Man Holiday,0.0,123.0,movie,2013.0,,149
tt2083383,Trouble With The Curve,Trouble With The Curve,0.0,111.0,movie,2012.0,,54
tt2091935,Mr. Right,Mr. Right,0.0,95.0,movie,2015.0,,156
tt2101441,Spring Breakers,Spring Breakers,0.0,94.0,movie,2012.0,,190
tt21051906,A Family Affair,A Family Affair,0.0,111.0,movie,2024.0,,14
tt2107861,Walking On Sunshine,Walking On Sunshine,0.0,97.0,movie,2014.0,,131
tt2109248,Transformers: Age Of Extinction,Transformers: Age Of Extinction,0.0,165.0,movie,2014.0,,102
tt2126235,Collide,Collide,0.0,99.0,movie,2016.0,,208
tt2126357,Second Act,Second Act,0.0,103.0,movie,2018.0,,107
tt2132285,The Bling Ring,The Bling Ring,0.0,90.0,movie,2013.0,,24
tt21480862,La Boîte À Questions,La Boîte À Questions,0.0,,tvseries,2004.0,,56
tt21614490,Evolving Vegan,Evolving Vegan,0.0,,tvseries,2023.0,,207
tt2170350,Closer To God: Jessica'S Journey,Jessica'S Journey,0.0,91.0,movie,2012.0,,105
tt2170593,St. Vincent,St. Vincent,0.0,102.0,movie,2014.0,,95
tt2172934,3 Days To Kill,3 Days To Kill,0.0,117.0,movie,2014.0,,215
tt2188671,Bates Motel,Bates Motel,0.0,45.0,tvseries,2013.0,2017.0,148
tt2194499,About Time,About Time,0.0,123.0,movie,2013.0,,203
tt2203939,The Other Woman,The Other Woman,0.0,109.0,movie,2014.0,,139
tt22048412,Maxxxine,Maxxxine,0.0,103.0,movie,2024.0,,98
tt2224026,Home,Home,0.0,94.0,movie,2015.0,,180
tt2239822,Valerian And The City Of A Thousand Planets,Valerian And The City Of A Thousand Planets,0.0,136.0,movie,2017.0,,180
tt2249007,Ray Donovan,Ray Donovan,0.0,60.0,tvseries,2013.0,2020.0,9
tt2261287,Leap!,Ballerina,0.0,89.0,movie,2016.0,,46
tt2267968,Kung Fu Panda 3,Kung Fu Panda 3,0.0,95.0,movie,2016.0,,216
tt2268016,Magic Mike Xxl,Magic Mike Xxl,0.0,115.0,movie,2015.0,,92
tt2291979,Rap Critic Reviews,Rap Critic Reviews,0.0,,tvseries,2010.0,,29
tt2294449,22 Jump Street,22 Jump Street,0.0,112.0,movie,2014.0,,154
tt2294629,Frozen,Frozen,0.0,102.0,movie,2013.0,,101
tt2304933,The 5Th Wave,The 5Th Wave,0.0,112.0,movie,2016.0,,6
tt2322441,Fifty Shades Of Grey,Fifty Shades Of Grey,0.0,125.0,movie,2015.0,,217
tt2326935,Sunday Brunch,Sunday Brunch,0.0,180.0,tvseries,2012.0,,91
tt2344864,Cbs Saturday Morning,Cbs This Morning: Saturday,0.0,120.0,tvseries,2012.0,,91
tt2357291,Rio 2,Rio 2,0.0,101.0,movie,2014.0,,41
tt2361317,Live By Night,Live By Night,0.0,129.0,movie,2016.0,,117
tt2361509,The Intern,The Intern,0.0,121.0,movie,2015.0,,156
tt2369135,Need For Speed,Need For Speed,0.0,132.0,movie,2014.0,,125
tt2379713,Spectre,Spectre,0.0,148.0,movie,2015.0,,183
tt2380307,Coco,Coco,0.0,105.0,movie,2017.0,,158
tt2382320,No Time To Die,No Time To Die,0.0,163.0,movie,2021.0,,35
tt2398241,Smurfs: The Lost Village,Smurfs: The Lost Village,0.0,90.0,movie,2017.0,,156
tt2406566,Atomic Blonde,Atomic Blonde,0.0,115.0,movie,2017.0,,68
tt2431438,Sense8,Sense8,0.0,60.0,tvseries,2015.0,2018.0,57
tt2442560,Peaky Blinders,Peaky Blinders,0.0,60.0,tvseries,2013.0,2022.0,19
tt24458622,The Six Triple Eight,The Six Triple Eight,0.0,127.0,movie,2024.0,,186
tt2446042,Taken 3,Taken 3,0.0,108.0,movie,2014.0,,92
tt2452042,The Peanuts Movie,The Peanuts Movie,0.0,88.0,movie,2015.0,,156
tt2465246,Worth: The Testimony Of Johnny St. James,Worth: The Testimony Of Johnny St. James,0.0,90.0,movie,2012.0,,105
tt2481498,"Extremely Wicked, Shockingly Evil And Vile","Extremely Wicked, Shockingly Evil And Vile",0.0,110.0,movie,2019.0,,232
tt2487090,Sam & Cat,Sam & Cat,0.0,30.0,tvseries,2013.0,2014.0,20
tt2510894,Hotel Transylvania 2,Hotel Transylvania 2,0.0,89.0,movie,2015.0,,84
tt2535732,The Haunted Hathaways,The Haunted Hathaways,0.0,30.0,tvseries,2013.0,2015.0,181
tt2557490,A Million Ways To Die In The West,A Million Ways To Die In The West,0.0,116.0,movie,2014.0,,9
tt2626350,Step Up All In,Step Up All In,0.0,112.0,movie,2014.0,,149
tt2660888,Star Trek Beyond,Star Trek Beyond,0.0,122.0,movie,2016.0,,195
tt2666270,About A Boy,About A Boy,0.0,22.0,tvseries,2014.0,2015.0,169
tt2692250,Night At The Museum: Secret Of The Tomb,Night At The Museum: Secret Of The Tomb,0.0,98.0,movie,2014.0,,154
tt2704998,Game Night,Game Night,0.0,100.0,movie,2018.0,,73
tt27218960,Y2K,Y2K,0.0,91.0,movie,2024.0,,211
tt27554611,Uncharted,Uncharted,0.0,95.0,movie,2023.0,,13
tt2788732,Pete'S Dragon,Pete'S Dragon,0.0,102.0,movie,2016.0,,137
tt2802144,Kingsman: The Secret Service,Kingsman: The Secret Service,0.0,129.0,movie,2014.0,,78
tt2820852,Furious 7,Fast & Furious 7,0.0,137.0,movie,2015.0,,64
tt2837574,The Old Man & The Gun,The Old Man & The Gun,0.0,93.0,movie,2018.0,,137
tt2848292,Pitch Perfect 2,Pitch Perfect 2,0.0,115.0,movie,2015.0,,109
tt28814949,Taylor Swift: The Eras Tour,Taylor Swift: The Eras Tour,0.0,169.0,movie,2023.0,,205
tt29259648,Agt: Fantasy League,Agt Fantasy League,0.0,,tvseries,2024.0,,200
tt2935622,The School For Good And Evil,The School For Good And Evil,0.0,147.0,movie,2022.0,,168
tt2948356,Zootopia,Zootopia,0.0,108.0,movie,2016.0,,192
tt3011894,Wild Tales,Relatos Salvajes,0.0,122.0,movie,2014.0,,64
tt3076658,Creed,Creed,0.0,133.0,movie,2015.0,,221
tt3083016,Beverly Hills Cop: Axel F,Beverly Hills Cop: Axel F,0.0,118.0,movie,2024.0,,133
tt3088084,Say 'I Love You',Sukitte Iinayo.,0.0,102.0,movie,2014.0,,169
tt3104988,Crazy Rich Asians,Crazy Rich Asians,0.0,120.0,movie,2018.0,,158
tt3107288,The Flash,The Flash,0.0,43.0,tvseries,2014.0,2023.0,214
tt3152592,Scoob!,Scoob!,0.0,93.0,movie,2020.0,,23
tt31591492,Critical Incident,Critical Incident,0.0,,tvseries,2024.0,,104
tt3159818,Honeytrap,Honeytrap,0.0,93.0,movie,2014.0,,147
tt3226424,The Red Booth,The Red Booth,0.0,,tvseries,2013.0,,111
tt3273636,Tour De Force,Hin Und Weg,0.0,95.0,movie,2014.0,,173
tt3288290,Leave The World Behind,Leave The World Behind,0.0,95.0,movie,2014.0,,201
tt33079176,On The Go With Gabe,On The Go With Gabe,0.0,,tvseries,2024.0,,63
tt3310362,Abc News Breakfast,Abc News Breakfast,0.0,,tvseries,2008.0,,150
tt3317234,"Game Over, Man!","Game Over, Man!",0.0,101.0,movie,2018.0,,88
tt3359350,Road House,Road House,0.0,121.0,movie,2024.0,,176
tt3381008,The Brothers Grimsby,Grimsby,0.0,83.0,movie,2016.0,,32
tt3410834,Allegiant,Allegiant,0.0,120.0,movie,2016.0,,222
tt3416828,Ice Age: Collision Course,Ice Age: Collision Course,0.0,94.0,movie,2016.0,,109
tt3433074,Mrs. Brown'S Boys D'Movie,Mrs. Brown'S Boys D'Movie,0.0,94.0,movie,2014.0,,214
tt3444938,The Tonight Show Starring Jimmy Fallon,The Tonight Show Starring Jimmy Fallon,0.0,60.0,tvseries,2014.0,,167
tt3470600,Sing,Sing,0.0,108.0,movie,2016.0,,148
tt3480822,Black Widow,Black Widow,0.0,134.0,movie,2021.0,,189
tt3513388,Late Night With Seth Meyers,Late Night With Seth Meyers,0.0,60.0,tvseries,2014.0,,93
tt3521126,The Disaster Artist,The Disaster Artist,0.0,104.0,movie,2017.0,,60
tt3521164,Moana,Moana,0.0,107.0,movie,2016.0,,11
tt3531824,Nerve,Nerve,0.0,96.0,movie,2016.0,,157
tt3554046,Space Jam: A New Legacy,Space Jam: A New Legacy,0.0,115.0,movie,2021.0,,136
tt3614530,Jem And The Holograms,Jem And The Holograms,0.0,118.0,movie,2015.0,,124
tt3659388,The Martian,The Martian,0.0,144.0,movie,2015.0,,5
tt3685236,Ibiza,Ibiza,0.0,94.0,movie,2018.0,,141
tt3685812,"Tähdet, Tähdet","Tähdet, Tähdet",0.0,90.0,tvseries,2014.0,,22
tt3704428,Elvis,Elvis,0.0,159.0,movie,2022.0,,117
tt3717490,Power Rangers,Power Rangers,0.0,124.0,movie,2017.0,,31
tt3721936,American Honey,American Honey,0.0,163.0,movie,2016.0,,43
tt3741834,Lion,Lion,0.0,118.0,movie,2016.0,,195
tt3799232,The Kissing Booth,The Kissing Booth,0.0,105.0,movie,2018.0,,178
tt3846674,To All The Boys I'Ve Loved Before,To All The Boys I'Ve Loved Before,0.0,99.0,movie,2018.0,,130
tt3850214,Dope,Dope,0.0,103.0,movie,2015.0,,4
tt3960240,The After Party,The After Party,0.0,120.0,movie,2018.0,,221
tt4011010,Red Billabong,Red Billabong,0.0,113.0,movie,2016.0,,21
tt4048272,Toni Erdmann,Toni Erdmann,0.0,162.0,movie,2016.0,,24
tt4061848,Alpha And Omega 4: The Legend Of The Saw Tooth Cave,Alpha And Omega 4: The Legend Of The Saw Tooth Cave,0.0,45.0,movie,2014.0,,214
tt4068576,The Nightingale,The Nightingale,0.0,136.0,movie,2018.0,,183
tt4094724,The Purge: Election Year,The Purge: Election Year,0.0,108.0,movie,2016.0,,109
tt4118584,Shades Of Blue,Shades Of Blue,0.0,60.0,tvseries,2016.0,2018.0,186
tt4126476,After,After,0.0,105.0,movie,2019.0,,11
tt4131800,My Little Pony: The Movie,My Little Pony: The Movie,0.0,99.0,movie,2017.0,,142
tt4139124,Keanu,Keanu,0.0,100.0,movie,2016.0,,88
tt4145054,Shadowhunters,Shadowhunters: The Mortal Instruments,0.0,42.0,tvseries,2016.0,2019.0,184
tt4155738,Love.,Love.,0.0,,tvseries,2014.0,,22
tt4180560,Otherhood,Otherhood,0.0,100.0,movie,2019.0,,14
tt4192812,Unforgotten,Unforgotten,0.0,45.0,tvseries,2015.0,,169
tt4264964,Evening Urgant,Vecherniy Urgant,0.0,30.0,tvseries,2012.0,2022.0,93
tt4270492,Billions,Billions,0.0,60.0,tvseries,2016.0,2023.0,91
tt4295258,Across The Line,Across The Line,0.0,87.0,movie,2015.0,,186
tt4372390,Detour,Detour,0.0,97.0,movie,2016.0,,22
tt4379536,Slam,Slam: Tutto Per Una Ragazza,0.0,100.0,movie,2016.0,,142
tt4438848,Neighbors 2: Sorority Rising,Neighbors 2: Sorority Rising,0.0,92.0,movie,2016.0,,49
tt4463894,Shaft,Shaft,0.0,111.0,movie,2019.0,,187
tt4465564,Fifty Shades Darker,Fifty Shades Darker,0.0,118.0,movie,2017.0,,222
tt4488724,Stuck In The Middle,Stuck In The Middle,0.0,30.0,tvseries,2016.0,2018.0,178
tt4520988,Frozen Ii,Frozen Ii,0.0,103.0,movie,2019.0,,22
tt4560190,One Hit Wonderland,One Hit Wonderland,0.0,,tvseries,2012.0,,146
tt4585980,Backstage Diaries,Backstage Diaries,0.0,,tvseries,2015.0,,181
tt4590256,He'S All That,He'S All That,0.0,88.0,movie,2021.0,,230
tt4630562,The Fate Of The Furious,The Fate Of The Furious,0.0,136.0,movie,2017.0,,224
tt4633694,Spider-Man: Into The Spider-Verse,Spider-Man: Into The Spider-Verse,0.0,117.0,movie,2018.0,,176
tt4651520,Bad Moms,Bad Moms,0.0,100.0,movie,2016.0,,84
tt4669788,On The Basis Of Sex,On The Basis Of Sex,0.0,120.0,movie,2018.0,,124
tt4682786,Collateral Beauty,Collateral Beauty,0.0,97.0,movie,2016.0,,170
tt4685762,The Craft: Legacy,The Craft: Legacy,0.0,97.0,movie,2020.0,,177
tt4718990,Dolezal Backstage,Dolezal Backstage,0.0,50.0,tvseries,2015.0,,47
tt4729430,Klaus,Klaus,0.0,96.0,movie,2019.0,,233
tt4765284,Pitch Perfect 3,Pitch Perfect 3,0.0,93.0,movie,2017.0,,54
tt4769836,The Do-Over,The Do-Over,0.0,108.0,movie,2016.0,,43
tt4799050,Rough Night,Rough Night,0.0,101.0,movie,2017.0,,166
tt4800624,Bizaardvark,Bizaardvark,0.0,30.0,tvseries,2016.0,2019.0,168
tt4844150,A Babysitter'S Guide To Monster Hunting,A Babysitter'S Guide To Monster Hunting,0.0,98.0,movie,2020.0,,220
tt4877122,The Emoji Movie,The Emoji Movie,0.0,86.0,movie,2017.0,,53
tt4919268,Bad Boys: Ride Or Die,Bad Boys: Ride Or Die,0.0,115.0,movie,2024.0,,31
tt4932154,Center Of My World,Die Mitte Der Welt,0.0,115.0,movie,2016.0,,160
tt5001718,"Everything, Everything","Everything, Everything",0.0,96.0,movie,2017.0,,11
tt5002350,Antti Holma Show,Antti Holma Show,0.0,,tvseries,2015.0,2015.0,22
tt5013056,Dunkirk,Dunkirk,0.0,106.0,movie,2017.0,,99
tt5013984,Gully,Gully,0.0,84.0,movie,2019.0,,72
tt5024912,Insecure,Insecure,0.0,30.0,tvseries,2016.0,2021.0,202
tt5033998,Charlie'S Angels,Charlie'S Angels,0.0,118.0,movie,2019.0,,129
tt5091530,M.F.A.,M.F.A.,0.0,92.0,movie,2017.0,,196
tt5111874,My Scientology Movie,My Scientology Movie,0.0,99.0,movie,2015.0,,140
tt5113044,Minions: The Rise Of Gru,Minions: The Rise Of Gru,0.0,87.0,movie,2022.0,,118
tt5117670,Peter Rabbit,Peter Rabbit,0.0,95.0,movie,2018.0,,178
tt5139360,Wgn Morning News,Wgn Morning News,0.0,,tvseries,1994.0,,10
tt5140252,"Where To, Miss?","Where To, Miss?",0.0,83.0,movie,2016.0,,160
tt5164196,Lethal Weapon,Lethal Weapon,0.0,44.0,tvseries,2016.0,2019.0,92
tt5164432,"Love, Simon","Love, Simon",0.0,110.0,movie,2018.0,,99
tt5193784,Brotherhood,Brotherhood,0.0,104.0,movie,2016.0,,147
tt5198068,Wolfwalkers,Wolfwalkers,0.0,103.0,movie,2020.0,,22
tt5206260,The Willoughbys,The Willoughbys,0.0,90.0,movie,2020.0,,11
tt5222314,Total Dreamer,Totalmente Demais,0.0,,tvseries,2015.0,2016.0,169
tt5361488,Magellan,Magellan,0.0,103.0,movie,2017.0,,111
tt5420376,Riverdale,Riverdale,0.0,45.0,tvseries,2017.0,2023.0,132
tt5433138,F9: The Fast Saga,F9,0.0,143.0,movie,2021.0,,136
tt5433140,Fast X,Fast X,0.0,141.0,movie,2023.0,,50
tt5463162,Deadpool 2,Deadpool 2,0.0,119.0,movie,2018.0,,61
tt5498354,Horizon Line,Horizon Line,0.0,92.0,movie,2020.0,,184
tt5503686,Hustlers,Hustlers,0.0,110.0,movie,2019.0,,107
tt5519340,Bright,Bright,0.0,117.0,movie,2017.0,,4
tt5574490,Animal Kingdom,Animal Kingdom,0.0,60.0,tvseries,2016.0,2022.0,228
tt5580266,The Hate U Give,The Hate U Give,0.0,133.0,movie,2018.0,,224
tt5610554,Tully,Tully,0.0,95.0,movie,2018.0,,46
tt5614844,Cloak & Dagger,Cloak & Dagger,0.0,44.0,tvseries,2018.0,2019.0,164
tt5624916,Tvoje Tvár Má Známý Hlas,Tvoje Tvár Má Známý Hlas,0.0,100.0,tvseries,2016.0,,220
tt5645790,Secret Daughter,The Secret Daughter,0.0,44.0,tvseries,2016.0,2017.0,108
tt5719748,Cold Pursuit,Cold Pursuit,0.0,119.0,movie,2019.0,,16
tt5722298,Private Eyes,Private Eyes,0.0,43.0,tvseries,2016.0,2021.0,146
tt5727208,Uncut Gems,Uncut Gems,0.0,135.0,movie,2019.0,,217
tt5814534,Spies In Disguise,Spies In Disguise,0.0,102.0,movie,2019.0,,69
tt5888698,The Big Music Quiz,The Big Music Quiz,0.0,,tvseries,2016.0,2016.0,104
tt5978540,The Burrial,The Burrial,0.0,48.0,movie,2015.0,,19
tt6003368,Diary Of A Wimpy Kid: The Long Haul,Diary Of A Wimpy Kid: The Long Haul,0.0,91.0,movie,2017.0,,2
tt6048596,The Sinner,The Sinner,0.0,45.0,tvseries,2017.0,2021.0,55
tt6105098,The Lion King,The Lion King,0.0,118.0,movie,2019.0,,34
tt6107548,Late Night,Late Night,0.0,102.0,movie,2019.0,,65
tt6133466,The First Purge,The First Purge,0.0,97.0,movie,2018.0,,123
tt6134022,The Red Door,La Porta Rossa,0.0,50.0,tvseries,2017.0,,142
tt6229766,Twoja Twarz Brzmi Znajomo,Twoja Twarz Brzmi Znajomo,0.0,110.0,tvseries,2014.0,2023.0,7
tt6265828,A Ghost Story,A Ghost Story,0.0,92.0,movie,2017.0,,124
tt6284564,Hot Dog,Hot Dog,0.0,100.0,movie,2018.0,,208
tt6317656,Penguin Bloom,Penguin Bloom,0.0,95.0,movie,2020.0,,38
tt6324278,Abominable,Abominable,0.0,97.0,movie,2019.0,,30
tt6359956,A Bad Moms Christmas,A Bad Moms Christmas,0.0,104.0,movie,2017.0,,138
tt6432466,Moxie,Moxie,0.0,111.0,movie,2021.0,,177
tt6467266,Sing 2,Sing 2,0.0,110.0,movie,2021.0,,193
tt6491190,Edge Of Desire,A Força Do Querer,0.0,60.0,tvseries,2017.0,2017.0,66
tt6587640,Trolls World Tour,Trolls World Tour,0.0,91.0,movie,2020.0,,114
tt6663582,The Spy Who Dumped Me,The Spy Who Dumped Me,0.0,117.0,movie,2018.0,,21
tt6723592,Tenet,Tenet,0.0,150.0,movie,2020.0,,224
tt6776488,Mixxxer Show,Mixxxer Show,0.0,120.0,tvseries,1999.0,,134
tt6791096,I Feel Pretty,I Feel Pretty,0.0,110.0,movie,2018.0,,202
tt6792642,Ricky Montgomery'S Vlog,Ricky Montgomery'S Vlog,0.0,,tvseries,2016.0,,179
tt6802308,The 15:17 To Paris,The 15:17 To Paris,0.0,94.0,movie,2018.0,,24
tt6857166,Book Club,Book Club,0.0,104.0,movie,2018.0,,50
tt6898324,City Of Dreams,City Of Dreams,0.0,114.0,movie,2023.0,,141
tt6911608,Mamma Mia! Here We Go Again,Mamma Mia! Here We Go Again,0.0,114.0,movie,2018.0,,5
tt6957966,Little Italy,Little Italy,0.0,102.0,movie,2018.0,,193
tt6968614,The Mother,The Mother,0.0,115.0,movie,2023.0,,62
tt6977338,Good Boys,Good Boys,0.0,90.0,movie,2019.0,,70
tt7016936,Killing Eve,Killing Eve,0.0,42.0,tvseries,2018.0,2022.0,55
tt7083846,Jirga,Jirga,0.0,78.0,movie,2018.0,,183
tt7158430,Hearts Beat Loud,Hearts Beat Loud,0.0,97.0,movie,2018.0,,55
tt7183282,Siesta Key,Siesta Key,0.0,60.0,tvseries,2017.0,,12
tt7256866,Father Of The Year,Father Of The Year,0.0,94.0,movie,2018.0,,182
tt7334528,Uncle Drew,Uncle Drew,0.0,103.0,movie,2018.0,,77
tt7370506,Lip Sync Battle Shorties,Lip Sync Battle Shorties,0.0,30.0,tvseries,2016.0,,26
tt7402400,Swoon,Eld & Lågor,0.0,104.0,movie,2019.0,,233
tt7481632,Baseboys,Baseboys,0.0,15.0,tvseries,2018.0,,3
tt7510346,The Turning,The Turning,0.0,94.0,movie,2020.0,,118
tt7541720,Music,Music,0.0,107.0,movie,2021.0,,195
tt7556122,The Old Guard,The Old Guard,0.0,125.0,movie,2020.0,,87
tt7690670,Superfly,Superfly,0.0,116.0,movie,2018.0,,172
tt7713068,Birds Of Prey And The Fantabulous Emancipation Of One Harley Quinn,Birds Of Prey And The Fantabulous Emancipation Of One Harley Quinn,0.0,109.0,movie,2020.0,,70
tt7718110,Hightown,Hightown,0.0,60.0,tvseries,2020.0,2024.0,228
tt7752126,Brightburn,Brightburn,0.0,90.0,movie,2019.0,,35
tt7877276,Milosc Jest Wszystkim,Milosc Jest Wszystkim,0.0,130.0,movie,2018.0,,57
tt7887026,Frühling,Frühling,0.0,,tvseries,2011.0,,10
tt7942796,Magnum P.I.,Magnum P.I.,0.0,43.0,tvseries,2018.0,2024.0,132
tt7991608,Red Notice,Red Notice,0.0,118.0,movie,2021.0,,76
tt8045906,Words On Bathroom Walls,Words On Bathroom Walls,0.0,110.0,movie,2020.0,,208
tt8075260,Someone Great,Someone Great,0.0,92.0,movie,2019.0,,139
tt8079248,Yesterday,Yesterday,0.0,116.0,movie,2019.0,,76
tt8097030,Turning Red,Turning Red,0.0,100.0,movie,2022.0,,35
tt8103070,Legacies,Legacies,0.0,45.0,tvseries,2018.0,2022.0,33
tt8106534,6 Underground,6 Underground,0.0,128.0,movie,2019.0,,199
tt8145202,The F**K-It List,The F**K-It List,0.0,103.0,movie,2020.0,,134
tt8242084,My Spy,My Spy,0.0,99.0,movie,2020.0,,45
tt8257154,Addison,Addison,0.0,,tvseries,2018.0,,182
tt8354062,One Of Us Is Lying,One Of Us Is Lying,0.0,50.0,tvseries,2021.0,2022.0,106
tt8371266,Civilisations Stories,Civilisations Stories,0.0,,tvseries,2018.0,2018.0,183
tt8504014,Good Newwz,Good Newwz,0.0,134.0,movie,2019.0,,130
tt8510382,High School Musical: The Musical: The Series,High School Musical: The Musical - The Series,0.0,31.0,tvseries,2019.0,2023.0,168
tt8522006,Happiest Season,Happiest Season,0.0,102.0,movie,2020.0,,14
tt8560918,The Queen Of Flow,La Reina Del Flow,0.0,45.0,tvseries,2018.0,2021.0,119
tt8652728,Waves,Waves,0.0,135.0,movie,2019.0,,202
tt8712204,Batwoman,Batwoman,0.0,45.0,tvseries,2019.0,2022.0,184
tt8722346,Queen & Slim,Queen & Slim,0.0,132.0,movie,2019.0,,3
tt8722888,Stargirl,Stargirl,0.0,45.0,tvseries,2020.0,2022.0,184
tt8851668,The Lovebirds,The Lovebirds,0.0,86.0,movie,2020.0,,198
tt8890058,Angelfish,Angelfish,0.0,96.0,movie,2019.0,,177
tt9022950,The Kelly Clarkson Show,The Kelly Clarkson Show,0.0,60.0,tvseries,2019.0,,122
tt9032400,Eternals,Eternals,0.0,156.0,movie,2021.0,,48
tt9214684,Home Economics,Home Economics,0.0,30.0,tvseries,2021.0,2023.0,1
tt9249432,Miszmasz Czyli Kogel Mogel 3,Miszmasz Czyli Kogel Mogel 3,0.0,95.0,movie,2019.0,,7
tt9252508,Tall Girl,Tall Girl,0.0,101.0,movie,2019.0,,144
tt9359796,Blade Runner: Black Lotus,Blade Runner: Black Lotus,0.0,,tvseries,2021.0,2022.0,65
tt9362722,Spider-Man: Across The Spider-Verse,Spider-Man: Across The Spider-Verse,0.0,140.0,movie,2023.0,,31
tt9362930,Blue Beetle,Blue Beetle,0.0,127.0,movie,2023.0,,31
tt9376612,Shang-Chi And The Legend Of The Ten Rings,Shang-Chi And The Legend Of The Ten Rings,0.0,132.0,movie,2021.0,,41
tt9411972,Where The Crawdads Sing,Where The Crawdads Sing,0.0,125.0,movie,2022.0,,205
tt9466114,The Idea Of You,The Idea Of You,0.0,115.0,movie,2024.0,,14
tt9495224,Black Mirror: Bandersnatch,Black Mirror: Bandersnatch,0.0,90.0,movie,2018.0,,68
tt9612102,Exit,Exit,0.0,45.0,tvseries,2019.0,2023.0,231
tt9620292,Promising Young Woman,Promising Young Woman,0.0,113.0,movie,2020.0,,130
tt9848536,We Are Who We Are,We Are Who We Are,0.0,,tvseries,2020.0,2020.0,231
